locationid,est_open_date,est_close_date
001,2017-01-01 00:00:00.000000,2024-09-01 00:00:00.000000
0016,2017-01-01 00:00:00.000000,2024-09-01 00:00:00.000000
0017,2017-01-01 00:00:00.000000,2021-08-01 00:00:00.000000
0018,2021-05-01 00:00:00.000000,2022-12-01 00:00:00.000000
002,2017-01-01 00:00:00.000000,2024-09-01 00:00:00.000000
0021,2017-06-01 00:00:00.000000,2024-09-01 00:00:00.000000
0024,2019-06-01 00:00:00.000000,2024-09-01 00:00:00.000000
003,2017-01-01 00:00:00.000000,2022-07-01 00:00:00.000000
0031,2017-01-01 00:00:00.000000,2022-07-01 00:00:00.000000
010,2017-01-01 00:00:00.000000,2024-09-01 00:00:00.000000
0100,2017-01-01 00:00:00.000000,2020-08-01 00:00:00.000000
0101,2021-06-01 00:00:00.000000,2024-06-01 00:00:00.000000
0103,2017-01-01 00:00:00.000000,2024-09-01 00:00:00.000000
0105,2017-02-01 00:00:00.000000,2024-09-01 00:00:00.000000
0107,2017-01-01 00:00:00.000000,2021-09-01 00:00:00.000000
0118,2021-04-01 00:00:00.000000,2024-09-01 00:00:00.000000
012,2017-01-01 00:00:00.000000,2024-05-01 00:00:00.000000
0124,2017-01-01 00:00:00.000000,2022-09-01 00:00:00.000000
0125,2019-09-01 00:00:00.000000,2024-09-01 00:00:00.000000
013,2019-04-01 00:00:00.000000,2022-12-01 00:00:00.000000
0134,2021-07-01 00:00:00.000000,2022-12-01 00:00:00.000000
014,2017-01-01 00:00:00.000000,2020-08-01 00:00:00.000000
0147,2017-01-01 00:00:00.000000,2020-08-01 00:00:00.000000
015,2017-01-01 00:00:00.000000,2024-03-01 00:00:00.000000
0155,2021-05-01 00:00:00.000000,2022-12-01 00:00:00.000000
016,2017-01-01 00:00:00.000000,2024-06-01 00:00:00.000000
0163,2019-05-01 00:00:00.000000,2024-08-01 00:00:00.000000
0164,2017-01-01 00:00:00.000000,2022-09-01 00:00:00.000000
017,2017-01-01 00:00:00.000000,2024-09-01 00:00:00.000000
0172,2017-01-01 00:00:00.000000,2024-02-01 00:00:00.000000
0175,2017-01-01 00:00:00.000000,2024-09-01 00:00:00.000000
018,2017-01-01 00:00:00.000000,2024-09-01 00:00:00.000000
0182,2017-01-01 00:00:00.000000,2024-09-01 00:00:00.000000
0186,2017-01-01 00:00:00.000000,2021-09-01 00:00:00.000000
019,2017-01-01 00:00:00.000000,2024-09-01 00:00:00.000000
0195,2017-01-01 00:00:00.000000,2024-09-01 00:00:00.000000
0199,2019-07-01 00:00:00.000000,2024-09-01 00:00:00.000000
020,2017-01-01 00:00:00.000000,2024-08-01 00:00:00.000000
0202,2017-01-01 00:00:00.000000,2020-08-01 00:00:00.000000
0208,2021-05-01 00:00:00.000000,2022-12-01 00:00:00.000000
0209,2019-05-01 00:00:00.000000,2024-08-01 00:00:00.000000
021,2019-07-01 00:00:00.000000,2024-09-01 00:00:00.000000
0217,2019-06-01 00:00:00.000000,2024-09-01 00:00:00.000000
0218,2019-07-01 00:00:00.000000,2023-03-01 00:00:00.000000
022,2017-01-01 00:00:00.000000,2024-07-01 00:00:00.000000
0227,2019-07-01 00:00:00.000000,2024-01-01 00:00:00.000000
0228,2017-01-01 00:00:00.000000,2020-08-01 00:00:00.000000
0229,2017-01-01 00:00:00.000000,2024-08-01 00:00:00.000000
023,2019-04-01 00:00:00.000000,2020-12-01 00:00:00.000000
0232,2019-04-01 00:00:00.000000,2020-12-01 00:00:00.000000
025,2017-01-01 00:00:00.000000,2024-08-01 00:00:00.000000
0251,2017-01-01 00:00:00.000000,2024-08-01 00:00:00.000000
0255,2021-06-01 00:00:00.000000,2022-12-01 00:00:00.000000
0257,2017-08-01 00:00:00.000000,2024-08-01 00:00:00.000000
027,2017-01-01 00:00:00.000000,2024-04-01 00:00:00.000000
0270,2017-01-01 00:00:00.000000,2021-09-01 00:00:00.000000
0272,2021-06-01 00:00:00.000000,2024-04-01 00:00:00.000000
0274,2017-01-01 00:00:00.000000,2024-02-01 00:00:00.000000
028,2017-01-01 00:00:00.000000,2022-12-01 00:00:00.000000
0282,2021-06-01 00:00:00.000000,2022-12-01 00:00:00.000000
029,2017-01-01 00:00:00.000000,2022-09-01 00:00:00.000000
0290,2021-02-01 00:00:00.000000,2021-12-01 00:00:00.000000
0291,2017-10-01 00:00:00.000000,2022-09-01 00:00:00.000000
03,2017-01-01 00:00:00.000000,2020-09-01 00:00:00.000000
030,2021-06-01 00:00:00.000000,2022-12-01 00:00:00.000000
0301,2021-06-01 00:00:00.000000,2022-12-01 00:00:00.000000
032,2017-01-01 00:00:00.000000,2024-09-01 00:00:00.000000
0320,2017-01-01 00:00:00.000000,2024-09-01 00:00:00.000000
033,2017-01-01 00:00:00.000000,2024-02-01 00:00:00.000000
0334,2017-01-01 00:00:00.000000,2024-02-01 00:00:00.000000
0339,2021-06-01 00:00:00.000000,2022-05-01 00:00:00.000000
034,2017-01-01 00:00:00.000000,2024-05-01 00:00:00.000000
0342,2017-01-01 00:00:00.000000,2020-08-01 00:00:00.000000
0344,2017-01-01 00:00:00.000000,2021-09-01 00:00:00.000000
0349,2019-09-01 00:00:00.000000,2024-09-01 00:00:00.000000
035,2017-01-01 00:00:00.000000,2021-08-01 00:00:00.000000
0351,2017-01-01 00:00:00.000000,2021-09-01 00:00:00.000000
036,2017-01-01 00:00:00.000000,2024-09-01 00:00:00.000000
0360,2019-08-01 00:00:00.000000,2024-09-01 00:00:00.000000
0361,2017-02-01 00:00:00.000000,2022-09-01 00:00:00.000000
0363,2019-08-01 00:00:00.000000,2024-09-01 00:00:00.000000
0364,2019-08-01 00:00:00.000000,2024-09-01 00:00:00.000000
0365,2019-08-01 00:00:00.000000,2024-04-01 00:00:00.000000
038,2017-01-01 00:00:00.000000,2023-08-01 00:00:00.000000
0382,2021-04-01 00:00:00.000000,2023-07-01 00:00:00.000000
0386,2018-07-01 00:00:00.000000,2022-09-01 00:00:00.000000
039,2017-01-01 00:00:00.000000,2022-12-01 00:00:00.000000
0390,2021-06-01 00:00:00.000000,2022-12-01 00:00:00.000000
055,2021-06-01 00:00:00.000000,2022-12-01 00:00:00.000000
0553,2021-06-01 00:00:00.000000,2022-12-01 00:00:00.000000
057,2021-12-01 00:00:00.000000,2024-09-01 00:00:00.000000
0579,2021-12-01 00:00:00.000000,2024-09-01 00:00:00.000000
067,2021-06-01 00:00:00.000000,2022-12-01 00:00:00.000000
0676,2021-06-01 00:00:00.000000,2022-12-01 00:00:00.000000
072,2017-01-01 00:00:00.000000,2024-09-01 00:00:00.000000
0726,2021-04-01 00:00:00.000000,2024-09-01 00:00:00.000000
10,2017-01-01 00:00:00.000000,2024-09-01 00:00:00.000000
1002,2018-07-01 00:00:00.000000,2024-09-01 00:00:00.000000
101,2017-01-01 00:00:00.000000,2024-07-01 00:00:00.000000
102,2017-01-01 00:00:00.000000,2024-09-01 00:00:00.000000
1021,2020-09-01 00:00:00.000000,2024-09-01 00:00:00.000000
1024,2020-08-01 00:00:00.000000,2024-09-01 00:00:00.000000
1025,2020-12-01 00:00:00.000000,2024-09-01 00:00:00.000000
103,2017-01-01 00:00:00.000000,2024-09-01 00:00:00.000000
1034,2017-02-01 00:00:00.000000,2024-09-01 00:00:00.000000
1035,2017-01-01 00:00:00.000000,2024-09-01 00:00:00.000000
1036,2017-01-01 00:00:00.000000,2024-09-01 00:00:00.000000
1037,2017-01-01 00:00:00.000000,2024-09-01 00:00:00.000000
1038,2017-01-01 00:00:00.000000,2024-09-01 00:00:00.000000
1039,2017-01-01 00:00:00.000000,2024-09-01 00:00:00.000000
104,2017-01-01 00:00:00.000000,2024-09-01 00:00:00.000000
1040,2017-01-01 00:00:00.000000,2024-09-01 00:00:00.000000
1041,2017-01-01 00:00:00.000000,2024-09-01 00:00:00.000000
1043,2017-10-01 00:00:00.000000,2024-09-01 00:00:00.000000
1044,2018-08-01 00:00:00.000000,2024-09-01 00:00:00.000000
1046,2018-09-01 00:00:00.000000,2023-07-01 00:00:00.000000
1047,2017-02-01 00:00:00.000000,2024-07-01 00:00:00.000000
1048,2018-09-01 00:00:00.000000,2024-09-01 00:00:00.000000
1049,2018-09-01 00:00:00.000000,2024-09-01 00:00:00.000000
105,2017-01-01 00:00:00.000000,2024-09-01 00:00:00.000000
1050,2017-02-01 00:00:00.000000,2024-09-01 00:00:00.000000
1051,2017-01-01 00:00:00.000000,2024-09-01 00:00:00.000000
1052,2017-03-01 00:00:00.000000,2024-09-01 00:00:00.000000
1053,2017-03-01 00:00:00.000000,2024-09-01 00:00:00.000000
1054,2017-03-01 00:00:00.000000,2024-09-01 00:00:00.000000
1055,2017-03-01 00:00:00.000000,2023-01-01 00:00:00.000000
1056,2017-03-01 00:00:00.000000,2024-09-01 00:00:00.000000
1057,2017-03-01 00:00:00.000000,2024-09-01 00:00:00.000000
1058,2017-03-01 00:00:00.000000,2024-09-01 00:00:00.000000
1059,2017-03-01 00:00:00.000000,2024-09-01 00:00:00.000000
106,2017-03-01 00:00:00.000000,2024-09-01 00:00:00.000000
1060,2017-03-01 00:00:00.000000,2024-09-01 00:00:00.000000
1061,2017-03-01 00:00:00.000000,2024-09-01 00:00:00.000000
1062,2017-03-01 00:00:00.000000,2024-09-01 00:00:00.000000
1063,2017-03-01 00:00:00.000000,2024-09-01 00:00:00.000000
1064,2017-03-01 00:00:00.000000,2024-09-01 00:00:00.000000
1065,2018-08-01 00:00:00.000000,2024-09-01 00:00:00.000000
1066,2017-03-01 00:00:00.000000,2024-09-01 00:00:00.000000
1067,2017-03-01 00:00:00.000000,2024-09-01 00:00:00.000000
1068,2017-03-01 00:00:00.000000,2024-09-01 00:00:00.000000
1069,2017-03-01 00:00:00.000000,2024-09-01 00:00:00.000000
107,2017-01-01 00:00:00.000000,2024-09-01 00:00:00.000000
1070,2017-03-01 00:00:00.000000,2024-09-01 00:00:00.000000
1071,2017-04-01 00:00:00.000000,2024-09-01 00:00:00.000000
1072,2018-08-01 00:00:00.000000,2024-09-01 00:00:00.000000
1077,2019-01-01 00:00:00.000000,2024-09-01 00:00:00.000000
1079,2019-03-01 00:00:00.000000,2024-09-01 00:00:00.000000
108,2017-01-01 00:00:00.000000,2023-05-01 00:00:00.000000
1080,2019-02-01 00:00:00.000000,2023-05-01 00:00:00.000000
1084,2020-12-01 00:00:00.000000,2024-09-01 00:00:00.000000
1085,2020-12-01 00:00:00.000000,2024-09-01 00:00:00.000000
1086,2020-12-01 00:00:00.000000,2024-09-01 00:00:00.000000
1087,2020-12-01 00:00:00.000000,2024-09-01 00:00:00.000000
109,2017-01-01 00:00:00.000000,2024-09-01 00:00:00.000000
1090,2018-03-01 00:00:00.000000,2024-09-01 00:00:00.000000
1091,2018-03-01 00:00:00.000000,2024-09-01 00:00:00.000000
1092,2018-03-01 00:00:00.000000,2024-09-01 00:00:00.000000
1093,2018-03-01 00:00:00.000000,2024-09-01 00:00:00.000000
1094,2018-03-01 00:00:00.000000,2023-01-01 00:00:00.000000
1095,2018-03-01 00:00:00.000000,2024-09-01 00:00:00.000000
1096,2018-03-01 00:00:00.000000,2024-09-01 00:00:00.000000
1097,2018-03-01 00:00:00.000000,2024-09-01 00:00:00.000000
1098,2018-03-01 00:00:00.000000,2024-09-01 00:00:00.000000
1099,2018-03-01 00:00:00.000000,2024-09-01 00:00:00.000000
11,2017-01-01 00:00:00.000000,2023-11-01 00:00:00.000000
110,2017-01-01 00:00:00.000000,2024-09-01 00:00:00.000000
1100,2018-03-01 00:00:00.000000,2024-09-01 00:00:00.000000
1101,2018-11-01 00:00:00.000000,2024-09-01 00:00:00.000000
1102,2020-12-01 00:00:00.000000,2024-09-01 00:00:00.000000
1104,2020-12-01 00:00:00.000000,2024-09-01 00:00:00.000000
1106,2020-12-01 00:00:00.000000,2024-09-01 00:00:00.000000
1108,2020-12-01 00:00:00.000000,2024-09-01 00:00:00.000000
111,2017-01-01 00:00:00.000000,2024-09-01 00:00:00.000000
1114,2019-06-01 00:00:00.000000,2024-09-01 00:00:00.000000
112,2017-01-01 00:00:00.000000,2024-09-01 00:00:00.000000
1123,2019-02-01 00:00:00.000000,2024-09-01 00:00:00.000000
1124,2018-08-01 00:00:00.000000,2024-09-01 00:00:00.000000
1127,2018-08-01 00:00:00.000000,2024-09-01 00:00:00.000000
113,2017-01-01 00:00:00.000000,2024-09-01 00:00:00.000000
1130,2018-09-01 00:00:00.000000,2024-09-01 00:00:00.000000
1132,2018-06-01 00:00:00.000000,2024-09-01 00:00:00.000000
1139,2018-09-01 00:00:00.000000,2024-09-01 00:00:00.000000
114,2017-01-01 00:00:00.000000,2024-09-01 00:00:00.000000
1148,2018-09-01 00:00:00.000000,2024-09-01 00:00:00.000000
115,2017-01-01 00:00:00.000000,2024-08-01 00:00:00.000000
1150,2018-09-01 00:00:00.000000,2024-09-01 00:00:00.000000
1152,2018-09-01 00:00:00.000000,2024-09-01 00:00:00.000000
116,2017-01-01 00:00:00.000000,2024-09-01 00:00:00.000000
1161,2018-08-01 00:00:00.000000,2024-09-01 00:00:00.000000
1162,2018-08-01 00:00:00.000000,2024-09-01 00:00:00.000000
1166,2019-03-01 00:00:00.000000,2024-01-01 00:00:00.000000
117,2017-01-01 00:00:00.000000,2024-09-01 00:00:00.000000
1170,2018-07-01 00:00:00.000000,2024-09-01 00:00:00.000000
1171,2018-07-01 00:00:00.000000,2024-09-01 00:00:00.000000
1172,2018-07-01 00:00:00.000000,2024-09-01 00:00:00.000000
1173,2018-07-01 00:00:00.000000,2024-09-01 00:00:00.000000
1174,2018-07-01 00:00:00.000000,2024-09-01 00:00:00.000000
1175,2018-07-01 00:00:00.000000,2024-09-01 00:00:00.000000
1176,2018-07-01 00:00:00.000000,2024-09-01 00:00:00.000000
1177,2018-07-01 00:00:00.000000,2024-09-01 00:00:00.000000
1178,2018-08-01 00:00:00.000000,2024-09-01 00:00:00.000000
1179,2018-07-01 00:00:00.000000,2024-09-01 00:00:00.000000
118,2017-01-01 00:00:00.000000,2024-09-01 00:00:00.000000
1180,2018-07-01 00:00:00.000000,2024-09-01 00:00:00.000000
1181,2018-07-01 00:00:00.000000,2024-09-01 00:00:00.000000
1182,2018-07-01 00:00:00.000000,2024-09-01 00:00:00.000000
1183,2018-07-01 00:00:00.000000,2024-09-01 00:00:00.000000
1184,2018-07-01 00:00:00.000000,2020-08-01 00:00:00.000000
1185,2018-08-01 00:00:00.000000,2024-09-01 00:00:00.000000
1190,2019-08-01 00:00:00.000000,2024-09-01 00:00:00.000000
120,2017-01-01 00:00:00.000000,2024-09-01 00:00:00.000000
1200,2021-10-01 00:00:00.000000,2024-09-01 00:00:00.000000
1203,2018-08-01 00:00:00.000000,2024-09-01 00:00:00.000000
121,2017-01-01 00:00:00.000000,2024-08-01 00:00:00.000000
1211,2018-09-01 00:00:00.000000,2024-09-01 00:00:00.000000
1219,2018-08-01 00:00:00.000000,2024-09-01 00:00:00.000000
124,2017-01-01 00:00:00.000000,2024-03-01 00:00:00.000000
127,2017-01-01 00:00:00.000000,2024-09-01 00:00:00.000000
1280,2017-01-01 00:00:00.000000,2024-09-01 00:00:00.000000
130,2017-01-01 00:00:00.000000,2024-09-01 00:00:00.000000
1301,2018-08-01 00:00:00.000000,2024-09-01 00:00:00.000000
1304,2018-09-01 00:00:00.000000,2024-09-01 00:00:00.000000
1305,2018-08-01 00:00:00.000000,2024-09-01 00:00:00.000000
135,2017-01-01 00:00:00.000000,2024-09-01 00:00:00.000000
137,2017-01-01 00:00:00.000000,2024-09-01 00:00:00.000000
139,2017-01-01 00:00:00.000000,2024-09-01 00:00:00.000000
1401,2018-09-01 00:00:00.000000,2024-09-01 00:00:00.000000
143,2017-01-01 00:00:00.000000,2024-09-01 00:00:00.000000
144,2017-01-01 00:00:00.000000,2024-09-01 00:00:00.000000
1441,2022-06-01 00:00:00.000000,2024-09-01 00:00:00.000000
15,2017-01-01 00:00:00.000000,2024-09-01 00:00:00.000000
150,2017-01-01 00:00:00.000000,2024-09-01 00:00:00.000000
1500,2017-01-01 00:00:00.000000,2024-08-01 00:00:00.000000
1504,2018-09-01 00:00:00.000000,2024-09-01 00:00:00.000000
1506,2018-08-01 00:00:00.000000,2024-09-01 00:00:00.000000
1508,2018-08-01 00:00:00.000000,2024-09-01 00:00:00.000000
1509,2018-08-01 00:00:00.000000,2024-09-01 00:00:00.000000
151,2017-01-01 00:00:00.000000,2024-09-01 00:00:00.000000
1510,2018-09-01 00:00:00.000000,2024-09-01 00:00:00.000000
1514,2017-10-01 00:00:00.000000,2024-09-01 00:00:00.000000
1515,2017-01-01 00:00:00.000000,2024-09-01 00:00:00.000000
1517,2018-08-01 00:00:00.000000,2024-09-01 00:00:00.000000
152,2017-01-01 00:00:00.000000,2024-09-01 00:00:00.000000
1520,2017-01-01 00:00:00.000000,2024-05-01 00:00:00.000000
1521,2018-04-01 00:00:00.000000,2024-09-01 00:00:00.000000
158,2017-01-01 00:00:00.000000,2024-09-01 00:00:00.000000
159,2017-01-01 00:00:00.000000,2024-09-01 00:00:00.000000
162,2017-01-01 00:00:00.000000,2024-04-01 00:00:00.000000
165,2017-01-01 00:00:00.000000,2024-09-01 00:00:00.000000
166,2017-01-01 00:00:00.000000,2024-09-01 00:00:00.000000
168,2017-01-01 00:00:00.000000,2024-09-01 00:00:00.000000
169,2017-01-01 00:00:00.000000,2024-09-01 00:00:00.000000
171,2017-01-01 00:00:00.000000,2024-09-01 00:00:00.000000
175,2017-01-01 00:00:00.000000,2022-11-01 00:00:00.000000
178,2017-01-01 00:00:00.000000,2024-09-01 00:00:00.000000
18,2017-01-01 00:00:00.000000,2024-06-01 00:00:00.000000
180,2017-01-01 00:00:00.000000,2024-02-01 00:00:00.000000
1805,2022-06-01 00:00:00.000000,2024-09-01 00:00:00.000000
183,2017-01-01 00:00:00.000000,2024-09-01 00:00:00.000000
187,2017-03-01 00:00:00.000000,2024-09-01 00:00:00.000000
189,2018-09-01 00:00:00.000000,2024-09-01 00:00:00.000000
196,2017-01-01 00:00:00.000000,2024-09-01 00:00:00.000000
197,2017-01-01 00:00:00.000000,2024-09-01 00:00:00.000000
2,2018-07-01 00:00:00.000000,2020-10-01 00:00:00.000000
201,2017-01-01 00:00:00.000000,2022-03-01 00:00:00.000000
2011,2017-06-01 00:00:00.000000,2024-09-01 00:00:00.000000
202,2017-01-01 00:00:00.000000,2020-07-01 00:00:00.000000
203,2017-05-01 00:00:00.000000,2024-09-01 00:00:00.000000
207,2017-01-01 00:00:00.000000,2024-09-01 00:00:00.000000
210,2017-01-01 00:00:00.000000,2023-08-01 00:00:00.000000
215,2017-01-01 00:00:00.000000,2024-09-01 00:00:00.000000
219,2017-01-01 00:00:00.000000,2024-09-01 00:00:00.000000
22,2017-01-01 00:00:00.000000,2024-08-01 00:00:00.000000
220,2017-01-01 00:00:00.000000,2024-09-01 00:00:00.000000
221,2017-01-01 00:00:00.000000,2024-09-01 00:00:00.000000
222,2017-01-01 00:00:00.000000,2024-09-01 00:00:00.000000
223,2017-01-01 00:00:00.000000,2024-09-01 00:00:00.000000
23,2017-01-01 00:00:00.000000,2024-08-01 00:00:00.000000
234,2017-01-01 00:00:00.000000,2024-09-01 00:00:00.000000
238,2017-01-01 00:00:00.000000,2024-09-01 00:00:00.000000
239,2017-01-01 00:00:00.000000,2024-09-01 00:00:00.000000
240,2017-01-01 00:00:00.000000,2020-08-01 00:00:00.000000
248,2017-01-01 00:00:00.000000,2024-09-01 00:00:00.000000
2485,2017-09-01 00:00:00.000000,2024-09-01 00:00:00.000000
249,2022-06-01 00:00:00.000000,2024-09-01 00:00:00.000000
2500,2018-07-01 00:00:00.000000,2024-09-01 00:00:00.000000
254,2017-01-01 00:00:00.000000,2021-02-01 00:00:00.000000
2560,2017-01-01 00:00:00.000000,2024-09-01 00:00:00.000000
2620,2018-07-01 00:00:00.000000,2024-09-01 00:00:00.000000
264,2017-01-01 00:00:00.000000,2024-09-01 00:00:00.000000
266,2017-01-01 00:00:00.000000,2024-09-01 00:00:00.000000
272,2017-01-01 00:00:00.000000,2021-06-01 00:00:00.000000
275,2017-01-01 00:00:00.000000,2024-09-01 00:00:00.000000
277,2017-01-01 00:00:00.000000,2024-09-01 00:00:00.000000
2770,2018-06-01 00:00:00.000000,2024-09-01 00:00:00.000000
2825,2022-06-01 00:00:00.000000,2024-09-01 00:00:00.000000
283,2017-01-01 00:00:00.000000,2023-10-01 00:00:00.000000
289,2017-01-01 00:00:00.000000,2024-09-01 00:00:00.000000
290,2017-01-01 00:00:00.000000,2021-02-01 00:00:00.000000
2901,2017-01-01 00:00:00.000000,2024-09-01 00:00:00.000000
291,2017-01-01 00:00:00.000000,2024-09-01 00:00:00.000000
292,2017-01-01 00:00:00.000000,2024-09-01 00:00:00.000000
293,2017-01-01 00:00:00.000000,2024-08-01 00:00:00.000000
2935,2017-10-01 00:00:00.000000,2024-09-01 00:00:00.000000
3,2017-04-01 00:00:00.000000,2024-09-01 00:00:00.000000
30,2017-01-01 00:00:00.000000,2022-10-01 00:00:00.000000
302,2017-01-01 00:00:00.000000,2024-09-01 00:00:00.000000
304,2017-01-01 00:00:00.000000,2024-09-01 00:00:00.000000
305,2017-01-01 00:00:00.000000,2024-05-01 00:00:00.000000
3060,2017-02-01 00:00:00.000000,2024-09-01 00:00:00.000000
308,2017-01-01 00:00:00.000000,2024-09-01 00:00:00.000000
309,2017-01-01 00:00:00.000000,2024-09-01 00:00:00.000000
31,2017-01-01 00:00:00.000000,2024-07-01 00:00:00.000000
310,2017-01-01 00:00:00.000000,2024-09-01 00:00:00.000000
311,2017-01-01 00:00:00.000000,2024-09-01 00:00:00.000000
315,2017-01-01 00:00:00.000000,2024-09-01 00:00:00.000000
316,2017-01-01 00:00:00.000000,2024-09-01 00:00:00.000000
317,2017-01-01 00:00:00.000000,2024-09-01 00:00:00.000000
319,2017-01-01 00:00:00.000000,2024-09-01 00:00:00.000000
320,2017-05-01 00:00:00.000000,2024-09-01 00:00:00.000000
3201,2018-08-01 00:00:00.000000,2024-09-01 00:00:00.000000
3202,2018-09-01 00:00:00.000000,2024-09-01 00:00:00.000000
3203,2018-08-01 00:00:00.000000,2024-09-01 00:00:00.000000
3206,2018-09-01 00:00:00.000000,2024-09-01 00:00:00.000000
323,2017-01-01 00:00:00.000000,2024-09-01 00:00:00.000000
324,2017-01-01 00:00:00.000000,2024-09-01 00:00:00.000000
326,2017-01-01 00:00:00.000000,2024-09-01 00:00:00.000000
327,2017-01-01 00:00:00.000000,2024-09-01 00:00:00.000000
330,2017-01-01 00:00:00.000000,2024-09-01 00:00:00.000000
3301,2018-09-01 00:00:00.000000,2024-09-01 00:00:00.000000
331,2017-01-01 00:00:00.000000,2024-09-01 00:00:00.000000
332,2017-01-01 00:00:00.000000,2024-09-01 00:00:00.000000
333,2017-01-01 00:00:00.000000,2024-09-01 00:00:00.000000
3353,2017-01-01 00:00:00.000000,2024-09-01 00:00:00.000000
336,2017-01-01 00:00:00.000000,2024-09-01 00:00:00.000000
337,2017-01-01 00:00:00.000000,2024-09-01 00:00:00.000000
338,2017-01-01 00:00:00.000000,2024-09-01 00:00:00.000000
34,2017-01-01 00:00:00.000000,2021-03-01 00:00:00.000000
3409,2017-10-01 00:00:00.000000,2024-09-01 00:00:00.000000
346,2017-01-01 00:00:00.000000,2023-10-01 00:00:00.000000
348,2017-01-01 00:00:00.000000,2024-09-01 00:00:00.000000
35,2017-01-01 00:00:00.000000,2023-08-01 00:00:00.000000
350,2017-01-01 00:00:00.000000,2024-09-01 00:00:00.000000
357,2017-01-01 00:00:00.000000,2024-09-01 00:00:00.000000
370,2017-01-01 00:00:00.000000,2024-03-01 00:00:00.000000
3700,2017-01-01 00:00:00.000000,2024-08-01 00:00:00.000000
373,2018-08-01 00:00:00.000000,2024-09-01 00:00:00.000000
374,2017-01-01 00:00:00.000000,2024-09-01 00:00:00.000000
376,2017-01-01 00:00:00.000000,2024-09-01 00:00:00.000000
377,2017-01-01 00:00:00.000000,2024-09-01 00:00:00.000000
38,2017-01-01 00:00:00.000000,2024-08-01 00:00:00.000000
3850,2022-06-01 00:00:00.000000,2024-09-01 00:00:00.000000
388,2017-01-01 00:00:00.000000,2021-02-01 00:00:00.000000
4,2018-07-01 00:00:00.000000,2024-09-01 00:00:00.000000
400,2017-01-01 00:00:00.000000,2024-06-01 00:00:00.000000
4000,2018-08-01 00:00:00.000000,2024-09-01 00:00:00.000000
4002,2018-08-01 00:00:00.000000,2024-09-01 00:00:00.000000
4005,2018-09-01 00:00:00.000000,2024-09-01 00:00:00.000000
401,2017-01-01 00:00:00.000000,2023-07-01 00:00:00.000000
402,2018-08-01 00:00:00.000000,2023-11-01 00:00:00.000000
403,2017-01-01 00:00:00.000000,2024-09-01 00:00:00.000000
404,2017-01-01 00:00:00.000000,2024-09-01 00:00:00.000000
405,2017-01-01 00:00:00.000000,2024-09-01 00:00:00.000000
406,2018-08-01 00:00:00.000000,2024-09-01 00:00:00.000000
407,2018-08-01 00:00:00.000000,2021-05-01 00:00:00.000000
408,2018-08-01 00:00:00.000000,2024-09-01 00:00:00.000000
409,2018-08-01 00:00:00.000000,2024-09-01 00:00:00.000000
410,2017-01-01 00:00:00.000000,2024-09-01 00:00:00.000000
4102,2018-09-01 00:00:00.000000,2024-09-01 00:00:00.000000
4104,2018-09-01 00:00:00.000000,2023-06-01 00:00:00.000000
4107,2017-01-01 00:00:00.000000,2024-09-01 00:00:00.000000
4109,2018-08-01 00:00:00.000000,2024-09-01 00:00:00.000000
411,2018-08-01 00:00:00.000000,2024-09-01 00:00:00.000000
4110,2018-08-01 00:00:00.000000,2024-09-01 00:00:00.000000
4111,2018-08-01 00:00:00.000000,2024-09-01 00:00:00.000000
4117,2018-08-01 00:00:00.000000,2024-09-01 00:00:00.000000
412,2018-08-01 00:00:00.000000,2024-09-01 00:00:00.000000
4124,2018-09-01 00:00:00.000000,2024-09-01 00:00:00.000000
413,2018-08-01 00:00:00.000000,2024-09-01 00:00:00.000000
4133,2018-08-01 00:00:00.000000,2024-09-01 00:00:00.000000
4134,2018-08-01 00:00:00.000000,2024-09-01 00:00:00.000000
4135,2018-08-01 00:00:00.000000,2023-04-01 00:00:00.000000
4138,2018-08-01 00:00:00.000000,2024-09-01 00:00:00.000000
4139,2018-08-01 00:00:00.000000,2024-09-01 00:00:00.000000
414,2018-08-01 00:00:00.000000,2024-09-01 00:00:00.000000
4140,2018-08-01 00:00:00.000000,2024-09-01 00:00:00.000000
416,2018-08-01 00:00:00.000000,2024-09-01 00:00:00.000000
418,2017-10-01 00:00:00.000000,2024-09-01 00:00:00.000000
420,2017-01-01 00:00:00.000000,2024-09-01 00:00:00.000000
421,2018-08-01 00:00:00.000000,2024-09-01 00:00:00.000000
422,2018-08-01 00:00:00.000000,2024-09-01 00:00:00.000000
424,2017-01-01 00:00:00.000000,2024-09-01 00:00:00.000000
426,2018-08-01 00:00:00.000000,2024-09-01 00:00:00.000000
427,2018-08-01 00:00:00.000000,2024-09-01 00:00:00.000000
429,2018-08-01 00:00:00.000000,2024-09-01 00:00:00.000000
430,2017-09-01 00:00:00.000000,2024-09-01 00:00:00.000000
431,2017-01-01 00:00:00.000000,2024-09-01 00:00:00.000000
432,2017-01-01 00:00:00.000000,2024-09-01 00:00:00.000000
433,2018-08-01 00:00:00.000000,2024-09-01 00:00:00.000000
437,2017-01-01 00:00:00.000000,2020-08-01 00:00:00.000000
438,2018-08-01 00:00:00.000000,2024-09-01 00:00:00.000000
439,2018-08-01 00:00:00.000000,2024-09-01 00:00:00.000000
440,2018-09-01 00:00:00.000000,2024-09-01 00:00:00.000000
4410,2022-06-01 00:00:00.000000,2024-09-01 00:00:00.000000
442,2018-08-01 00:00:00.000000,2024-09-01 00:00:00.000000
443,2018-08-01 00:00:00.000000,2024-09-01 00:00:00.000000
444,2017-01-01 00:00:00.000000,2024-09-01 00:00:00.000000
445,2017-01-01 00:00:00.000000,2024-09-01 00:00:00.000000
446,2018-08-01 00:00:00.000000,2024-09-01 00:00:00.000000
449,2018-08-01 00:00:00.000000,2024-09-01 00:00:00.000000
450,2017-01-01 00:00:00.000000,2024-09-01 00:00:00.000000
451,2017-01-01 00:00:00.000000,2023-04-01 00:00:00.000000
457,2018-09-01 00:00:00.000000,2024-09-01 00:00:00.000000
4575,2022-06-01 00:00:00.000000,2024-09-01 00:00:00.000000
463,2017-01-01 00:00:00.000000,2024-09-01 00:00:00.000000
464,2018-08-01 00:00:00.000000,2024-09-01 00:00:00.000000
465,2018-08-01 00:00:00.000000,2022-06-01 00:00:00.000000
466,2018-09-01 00:00:00.000000,2024-09-01 00:00:00.000000
469,2018-08-01 00:00:00.000000,2024-09-01 00:00:00.000000
471,2018-08-01 00:00:00.000000,2024-09-01 00:00:00.000000
472,2017-01-01 00:00:00.000000,2024-09-01 00:00:00.000000
474,2017-01-01 00:00:00.000000,2024-09-01 00:00:00.000000
476,2018-08-01 00:00:00.000000,2024-09-01 00:00:00.000000
477,2017-01-01 00:00:00.000000,2024-09-01 00:00:00.000000
478,2018-09-01 00:00:00.000000,2024-09-01 00:00:00.000000
479,2017-01-01 00:00:00.000000,2024-09-01 00:00:00.000000
480,2018-08-01 00:00:00.000000,2024-09-01 00:00:00.000000
481,2018-09-01 00:00:00.000000,2024-09-01 00:00:00.000000
482,2017-01-01 00:00:00.000000,2024-09-01 00:00:00.000000
485,2018-08-01 00:00:00.000000,2024-09-01 00:00:00.000000
486,2018-08-01 00:00:00.000000,2024-09-01 00:00:00.000000
487,2018-08-01 00:00:00.000000,2024-09-01 00:00:00.000000
488,2018-08-01 00:00:00.000000,2024-09-01 00:00:00.000000
490,2018-08-01 00:00:00.000000,2024-09-01 00:00:00.000000
491,2018-08-01 00:00:00.000000,2024-09-01 00:00:00.000000
492,2017-01-01 00:00:00.000000,2024-09-01 00:00:00.000000
495,2018-08-01 00:00:00.000000,2021-07-01 00:00:00.000000
496,2017-01-01 00:00:00.000000,2024-09-01 00:00:00.000000
498,2018-08-01 00:00:00.000000,2024-09-01 00:00:00.000000
500,2017-01-01 00:00:00.000000,2024-09-01 00:00:00.000000
504,2018-08-01 00:00:00.000000,2024-09-01 00:00:00.000000
505,2017-01-01 00:00:00.000000,2024-09-01 00:00:00.000000
506,2017-01-01 00:00:00.000000,2024-09-01 00:00:00.000000
509,2017-01-01 00:00:00.000000,2022-08-01 00:00:00.000000
510,2017-01-01 00:00:00.000000,2024-09-01 00:00:00.000000
5105,2018-08-01 00:00:00.000000,2024-09-01 00:00:00.000000
511,2017-01-01 00:00:00.000000,2024-09-01 00:00:00.000000
5113,2018-08-01 00:00:00.000000,2024-09-01 00:00:00.000000
5117,2018-08-01 00:00:00.000000,2024-09-01 00:00:00.000000
5119,2018-08-01 00:00:00.000000,2024-09-01 00:00:00.000000
513,2018-08-01 00:00:00.000000,2024-09-01 00:00:00.000000
5135,2018-08-01 00:00:00.000000,2024-09-01 00:00:00.000000
5136,2018-08-01 00:00:00.000000,2024-09-01 00:00:00.000000
5137,2018-08-01 00:00:00.000000,2024-09-01 00:00:00.000000
514,2018-08-01 00:00:00.000000,2024-09-01 00:00:00.000000
5140,2018-08-01 00:00:00.000000,2024-09-01 00:00:00.000000
5141,2018-08-01 00:00:00.000000,2024-09-01 00:00:00.000000
5148,2018-08-01 00:00:00.000000,2024-09-01 00:00:00.000000
5149,2018-08-01 00:00:00.000000,2024-09-01 00:00:00.000000
515,2018-08-01 00:00:00.000000,2024-09-01 00:00:00.000000
5150,2018-08-01 00:00:00.000000,2024-09-01 00:00:00.000000
5151,2018-08-01 00:00:00.000000,2024-09-01 00:00:00.000000
5154,2018-08-01 00:00:00.000000,2024-09-01 00:00:00.000000
5155,2018-08-01 00:00:00.000000,2024-09-01 00:00:00.000000
5156,2018-08-01 00:00:00.000000,2019-12-01 00:00:00.000000
5157,2018-08-01 00:00:00.000000,2024-09-01 00:00:00.000000
516,2017-10-01 00:00:00.000000,2024-09-01 00:00:00.000000
5162,2018-08-01 00:00:00.000000,2024-09-01 00:00:00.000000
5163,2018-08-01 00:00:00.000000,2024-08-01 00:00:00.000000
5168,2018-08-01 00:00:00.000000,2024-09-01 00:00:00.000000
517,2018-08-01 00:00:00.000000,2024-09-01 00:00:00.000000
5174,2018-08-01 00:00:00.000000,2024-09-01 00:00:00.000000
5175,2018-08-01 00:00:00.000000,2024-09-01 00:00:00.000000
5177,2018-08-01 00:00:00.000000,2024-09-01 00:00:00.000000
5178,2018-08-01 00:00:00.000000,2024-09-01 00:00:00.000000
5179,2018-08-01 00:00:00.000000,2024-09-01 00:00:00.000000
518,2018-08-01 00:00:00.000000,2024-09-01 00:00:00.000000
5184,2018-08-01 00:00:00.000000,2024-09-01 00:00:00.000000
5185,2018-08-01 00:00:00.000000,2024-09-01 00:00:00.000000
519,2018-08-01 00:00:00.000000,2024-09-01 00:00:00.000000
5190,2018-08-01 00:00:00.000000,2024-09-01 00:00:00.000000
5191,2018-08-01 00:00:00.000000,2023-04-01 00:00:00.000000
5193,2018-08-01 00:00:00.000000,2024-09-01 00:00:00.000000
5197,2018-08-01 00:00:00.000000,2023-04-01 00:00:00.000000
5198,2018-08-01 00:00:00.000000,2024-09-01 00:00:00.000000
5199,2018-08-01 00:00:00.000000,2024-09-01 00:00:00.000000
520,2017-01-01 00:00:00.000000,2024-09-01 00:00:00.000000
5202,2018-08-01 00:00:00.000000,2024-09-01 00:00:00.000000
5203,2018-08-01 00:00:00.000000,2024-09-01 00:00:00.000000
5204,2018-08-01 00:00:00.000000,2024-09-01 00:00:00.000000
5207,2018-08-01 00:00:00.000000,2024-09-01 00:00:00.000000
5208,2018-08-01 00:00:00.000000,2024-09-01 00:00:00.000000
5209,2018-08-01 00:00:00.000000,2024-09-01 00:00:00.000000
521,2018-08-01 00:00:00.000000,2024-09-01 00:00:00.000000
5210,2018-08-01 00:00:00.000000,2024-09-01 00:00:00.000000
5213,2018-08-01 00:00:00.000000,2024-09-01 00:00:00.000000
5217,2018-08-01 00:00:00.000000,2024-09-01 00:00:00.000000
5218,2018-08-01 00:00:00.000000,2024-09-01 00:00:00.000000
522,2017-01-01 00:00:00.000000,2024-09-01 00:00:00.000000
5220,2018-08-01 00:00:00.000000,2024-09-01 00:00:00.000000
5224,2018-09-01 00:00:00.000000,2023-04-01 00:00:00.000000
5226,2018-09-01 00:00:00.000000,2023-01-01 00:00:00.000000
5228,2018-08-01 00:00:00.000000,2020-08-01 00:00:00.000000
5229,2018-08-01 00:00:00.000000,2024-09-01 00:00:00.000000
523,2017-01-01 00:00:00.000000,2024-09-01 00:00:00.000000
524,2017-01-01 00:00:00.000000,2024-09-01 00:00:00.000000
5242,2018-08-01 00:00:00.000000,2024-09-01 00:00:00.000000
5245,2018-08-01 00:00:00.000000,2024-09-01 00:00:00.000000
5249,2018-09-01 00:00:00.000000,2024-09-01 00:00:00.000000
525,2017-02-01 00:00:00.000000,2024-09-01 00:00:00.000000
5250,2018-09-01 00:00:00.000000,2023-11-01 00:00:00.000000
5256,2018-08-01 00:00:00.000000,2024-09-01 00:00:00.000000
5258,2018-08-01 00:00:00.000000,2024-09-01 00:00:00.000000
5259,2018-08-01 00:00:00.000000,2024-09-01 00:00:00.000000
526,2017-01-01 00:00:00.000000,2024-09-01 00:00:00.000000
5266,2018-08-01 00:00:00.000000,2024-09-01 00:00:00.000000
5268,2018-08-01 00:00:00.000000,2024-09-01 00:00:00.000000
527,2018-08-01 00:00:00.000000,2024-09-01 00:00:00.000000
5273,2018-08-01 00:00:00.000000,2024-09-01 00:00:00.000000
5274,2018-08-01 00:00:00.000000,2024-09-01 00:00:00.000000
5275,2018-08-01 00:00:00.000000,2024-09-01 00:00:00.000000
5276,2018-08-01 00:00:00.000000,2024-09-01 00:00:00.000000
5279,2018-08-01 00:00:00.000000,2024-09-01 00:00:00.000000
528,2018-08-01 00:00:00.000000,2024-09-01 00:00:00.000000
5280,2018-08-01 00:00:00.000000,2024-09-01 00:00:00.000000
5281,2018-08-01 00:00:00.000000,2024-09-01 00:00:00.000000
5283,2018-08-01 00:00:00.000000,2024-09-01 00:00:00.000000
5285,2018-08-01 00:00:00.000000,2024-09-01 00:00:00.000000
5287,2018-08-01 00:00:00.000000,2024-07-01 00:00:00.000000
5289,2018-09-01 00:00:00.000000,2024-09-01 00:00:00.000000
529,2018-08-01 00:00:00.000000,2024-09-01 00:00:00.000000
5290,2018-08-01 00:00:00.000000,2022-09-01 00:00:00.000000
5293,2018-08-01 00:00:00.000000,2024-09-01 00:00:00.000000
5295,2018-08-01 00:00:00.000000,2024-09-01 00:00:00.000000
5298,2018-08-01 00:00:00.000000,2023-06-01 00:00:00.000000
530,2017-01-01 00:00:00.000000,2024-09-01 00:00:00.000000
5306,2018-08-01 00:00:00.000000,2024-09-01 00:00:00.000000
531,2018-08-01 00:00:00.000000,2024-08-01 00:00:00.000000
5317,2018-08-01 00:00:00.000000,2019-12-01 00:00:00.000000
5318,2018-08-01 00:00:00.000000,2024-09-01 00:00:00.000000
532,2018-08-01 00:00:00.000000,2024-09-01 00:00:00.000000
5321,2018-08-01 00:00:00.000000,2024-09-01 00:00:00.000000
5326,2018-08-01 00:00:00.000000,2024-07-01 00:00:00.000000
5329,2018-08-01 00:00:00.000000,2024-09-01 00:00:00.000000
533,2018-08-01 00:00:00.000000,2024-09-01 00:00:00.000000
5330,2018-08-01 00:00:00.000000,2024-09-01 00:00:00.000000
5331,2018-08-01 00:00:00.000000,2024-09-01 00:00:00.000000
5332,2018-08-01 00:00:00.000000,2024-09-01 00:00:00.000000
5337,2018-08-01 00:00:00.000000,2024-09-01 00:00:00.000000
534,2018-07-01 00:00:00.000000,2024-09-01 00:00:00.000000
5340,2018-08-01 00:00:00.000000,2024-09-01 00:00:00.000000
5343,2018-08-01 00:00:00.000000,2024-09-01 00:00:00.000000
5346,2018-08-01 00:00:00.000000,2024-09-01 00:00:00.000000
5364,2018-07-01 00:00:00.000000,2024-09-01 00:00:00.000000
5367,2022-06-01 00:00:00.000000,2024-09-01 00:00:00.000000
538,2018-09-01 00:00:00.000000,2024-09-01 00:00:00.000000
539,2018-08-01 00:00:00.000000,2024-09-01 00:00:00.000000
541,2018-08-01 00:00:00.000000,2024-09-01 00:00:00.000000
544,2018-08-01 00:00:00.000000,2024-09-01 00:00:00.000000
545,2017-01-01 00:00:00.000000,2024-08-01 00:00:00.000000
546,2017-01-01 00:00:00.000000,2024-09-01 00:00:00.000000
548,2018-08-01 00:00:00.000000,2024-09-01 00:00:00.000000
549,2017-01-01 00:00:00.000000,2024-09-01 00:00:00.000000
550,2017-01-01 00:00:00.000000,2024-09-01 00:00:00.000000
5503,2017-01-01 00:00:00.000000,2024-09-01 00:00:00.000000
551,2018-08-01 00:00:00.000000,2024-09-01 00:00:00.000000
5513,2018-08-01 00:00:00.000000,2024-09-01 00:00:00.000000
5518,2018-08-01 00:00:00.000000,2024-09-01 00:00:00.000000
552,2018-08-01 00:00:00.000000,2024-09-01 00:00:00.000000
5520,2018-08-01 00:00:00.000000,2024-09-01 00:00:00.000000
5522,2018-08-01 00:00:00.000000,2024-09-01 00:00:00.000000
5523,2018-08-01 00:00:00.000000,2024-09-01 00:00:00.000000
5524,2018-08-01 00:00:00.000000,2024-09-01 00:00:00.000000
555,2017-01-01 00:00:00.000000,2024-09-01 00:00:00.000000
556,2018-08-01 00:00:00.000000,2024-09-01 00:00:00.000000
5566,2022-02-01 00:00:00.000000,2024-09-01 00:00:00.000000
558,2017-01-01 00:00:00.000000,2024-09-01 00:00:00.000000
560,2018-08-01 00:00:00.000000,2024-09-01 00:00:00.000000
5600,2022-06-01 00:00:00.000000,2024-09-01 00:00:00.000000
561,2018-08-01 00:00:00.000000,2024-09-01 00:00:00.000000
562,2018-08-01 00:00:00.000000,2024-09-01 00:00:00.000000
564,2018-08-01 00:00:00.000000,2024-09-01 00:00:00.000000
565,2017-01-01 00:00:00.000000,2024-09-01 00:00:00.000000
566,2018-08-01 00:00:00.000000,2024-09-01 00:00:00.000000
569,2018-08-01 00:00:00.000000,2024-09-01 00:00:00.000000
570,2018-08-01 00:00:00.000000,2024-09-01 00:00:00.000000
571,2018-08-01 00:00:00.000000,2024-09-01 00:00:00.000000
572,2017-01-01 00:00:00.000000,2020-08-01 00:00:00.000000
573,2018-08-01 00:00:00.000000,2024-09-01 00:00:00.000000
574,2018-08-01 00:00:00.000000,2024-09-01 00:00:00.000000
575,2018-09-01 00:00:00.000000,2024-09-01 00:00:00.000000
578,2017-01-01 00:00:00.000000,2024-09-01 00:00:00.000000
579,2017-01-01 00:00:00.000000,2024-09-01 00:00:00.000000
580,2018-08-01 00:00:00.000000,2024-09-01 00:00:00.000000
581,2017-01-01 00:00:00.000000,2024-09-01 00:00:00.000000
583,2018-08-01 00:00:00.000000,2024-09-01 00:00:00.000000
584,2018-08-01 00:00:00.000000,2024-09-01 00:00:00.000000
586,2017-01-01 00:00:00.000000,2020-08-01 00:00:00.000000
587,2018-08-01 00:00:00.000000,2024-09-01 00:00:00.000000
588,2018-09-01 00:00:00.000000,2024-09-01 00:00:00.000000
589,2018-08-01 00:00:00.000000,2024-09-01 00:00:00.000000
59,2017-01-01 00:00:00.000000,2024-09-01 00:00:00.000000
591,2017-01-01 00:00:00.000000,2024-09-01 00:00:00.000000
593,2018-10-01 00:00:00.000000,2024-09-01 00:00:00.000000
594,2017-07-01 00:00:00.000000,2024-09-01 00:00:00.000000
595,2017-01-01 00:00:00.000000,2024-09-01 00:00:00.000000
599,2018-08-01 00:00:00.000000,2024-01-01 00:00:00.000000
5999,2022-06-01 00:00:00.000000,2024-09-01 00:00:00.000000
60,2017-01-01 00:00:00.000000,2024-09-01 00:00:00.000000
600,2017-01-01 00:00:00.000000,2024-09-01 00:00:00.000000
6001,2017-01-01 00:00:00.000000,2024-09-01 00:00:00.000000
6002,2017-02-01 00:00:00.000000,2024-09-01 00:00:00.000000
6004,2017-01-01 00:00:00.000000,2024-09-01 00:00:00.000000
6005,2017-01-01 00:00:00.000000,2024-09-01 00:00:00.000000
6006,2017-02-01 00:00:00.000000,2024-09-01 00:00:00.000000
601,2017-10-01 00:00:00.000000,2024-09-01 00:00:00.000000
6012,2017-02-01 00:00:00.000000,2024-09-01 00:00:00.000000
6013,2017-01-01 00:00:00.000000,2024-09-01 00:00:00.000000
6014,2017-02-01 00:00:00.000000,2024-09-01 00:00:00.000000
6015,2017-03-01 00:00:00.000000,2024-09-01 00:00:00.000000
6017,2017-01-01 00:00:00.000000,2024-09-01 00:00:00.000000
6018,2017-01-01 00:00:00.000000,2024-09-01 00:00:00.000000
6019,2017-01-01 00:00:00.000000,2024-09-01 00:00:00.000000
602,2017-01-01 00:00:00.000000,2024-09-01 00:00:00.000000
6025,2017-01-01 00:00:00.000000,2024-09-01 00:00:00.000000
6027,2017-01-01 00:00:00.000000,2024-09-01 00:00:00.000000
6028,2017-01-01 00:00:00.000000,2024-09-01 00:00:00.000000
603,2018-08-01 00:00:00.000000,2024-09-01 00:00:00.000000
6030,2017-01-01 00:00:00.000000,2024-09-01 00:00:00.000000
6034,2017-01-01 00:00:00.000000,2024-09-01 00:00:00.000000
6038,2017-01-01 00:00:00.000000,2024-09-01 00:00:00.000000
604,2017-09-01 00:00:00.000000,2024-09-01 00:00:00.000000
6042,2017-01-01 00:00:00.000000,2024-09-01 00:00:00.000000
6044,2017-01-01 00:00:00.000000,2023-07-01 00:00:00.000000
6046,2017-01-01 00:00:00.000000,2024-09-01 00:00:00.000000
6048,2017-02-01 00:00:00.000000,2024-09-01 00:00:00.000000
6049,2017-02-01 00:00:00.000000,2024-08-01 00:00:00.000000
605,2018-08-01 00:00:00.000000,2024-09-01 00:00:00.000000
6050,2017-05-01 00:00:00.000000,2020-08-01 00:00:00.000000
6052,2017-03-01 00:00:00.000000,2024-09-01 00:00:00.000000
6056,2017-02-01 00:00:00.000000,2024-09-01 00:00:00.000000
6058,2017-01-01 00:00:00.000000,2024-09-01 00:00:00.000000
606,2018-08-01 00:00:00.000000,2024-09-01 00:00:00.000000
6062,2017-01-01 00:00:00.000000,2024-09-01 00:00:00.000000
6064,2017-01-01 00:00:00.000000,2024-09-01 00:00:00.000000
6065,2017-02-01 00:00:00.000000,2024-09-01 00:00:00.000000
6066,2017-01-01 00:00:00.000000,2024-09-01 00:00:00.000000
6068,2017-01-01 00:00:00.000000,2024-09-01 00:00:00.000000
6069,2017-02-01 00:00:00.000000,2023-12-01 00:00:00.000000
607,2017-03-01 00:00:00.000000,2024-09-01 00:00:00.000000
6071,2017-03-01 00:00:00.000000,2024-09-01 00:00:00.000000
608,2018-09-01 00:00:00.000000,2024-09-01 00:00:00.000000
609,2018-08-01 00:00:00.000000,2024-09-01 00:00:00.000000
61,2017-01-01 00:00:00.000000,2024-09-01 00:00:00.000000
610,2017-01-01 00:00:00.000000,2024-09-01 00:00:00.000000
611,2017-01-01 00:00:00.000000,2024-09-01 00:00:00.000000
613,2017-01-01 00:00:00.000000,2024-09-01 00:00:00.000000
615,2017-01-01 00:00:00.000000,2024-09-01 00:00:00.000000
618,2018-08-01 00:00:00.000000,2024-09-01 00:00:00.000000
619,2017-01-01 00:00:00.000000,2024-09-01 00:00:00.000000
62,2017-01-01 00:00:00.000000,2024-09-01 00:00:00.000000
621,2018-08-01 00:00:00.000000,2024-09-01 00:00:00.000000
623,2017-01-01 00:00:00.000000,2024-09-01 00:00:00.000000
624,2017-04-01 00:00:00.000000,2024-09-01 00:00:00.000000
625,2017-01-01 00:00:00.000000,2024-09-01 00:00:00.000000
626,2018-08-01 00:00:00.000000,2024-09-01 00:00:00.000000
627,2018-08-01 00:00:00.000000,2024-09-01 00:00:00.000000
628,2018-08-01 00:00:00.000000,2024-09-01 00:00:00.000000
629,2018-08-01 00:00:00.000000,2024-09-01 00:00:00.000000
63,2018-08-01 00:00:00.000000,2024-09-01 00:00:00.000000
631,2018-08-01 00:00:00.000000,2024-09-01 00:00:00.000000
634,2018-08-01 00:00:00.000000,2024-01-01 00:00:00.000000
635,2018-08-01 00:00:00.000000,2024-09-01 00:00:00.000000
638,2018-10-01 00:00:00.000000,2024-09-01 00:00:00.000000
639,2018-10-01 00:00:00.000000,2024-09-01 00:00:00.000000
64,2018-08-01 00:00:00.000000,2024-09-01 00:00:00.000000
641,2018-09-01 00:00:00.000000,2024-09-01 00:00:00.000000
642,2018-08-01 00:00:00.000000,2024-09-01 00:00:00.000000
644,2017-01-01 00:00:00.000000,2024-09-01 00:00:00.000000
645,2017-01-01 00:00:00.000000,2024-09-01 00:00:00.000000
646,2017-01-01 00:00:00.000000,2024-09-01 00:00:00.000000
647,2018-08-01 00:00:00.000000,2024-09-01 00:00:00.000000
649,2018-08-01 00:00:00.000000,2024-09-01 00:00:00.000000
65,2017-01-01 00:00:00.000000,2024-09-01 00:00:00.000000
650,2017-02-01 00:00:00.000000,2024-09-01 00:00:00.000000
651,2017-01-01 00:00:00.000000,2024-09-01 00:00:00.000000
652,2018-09-01 00:00:00.000000,2024-09-01 00:00:00.000000
655,2017-03-01 00:00:00.000000,2024-09-01 00:00:00.000000
656,2017-01-01 00:00:00.000000,2024-09-01 00:00:00.000000
661,2018-09-01 00:00:00.000000,2024-09-01 00:00:00.000000
662,2017-08-01 00:00:00.000000,2024-01-01 00:00:00.000000
664,2018-08-01 00:00:00.000000,2024-09-01 00:00:00.000000
665,2018-08-01 00:00:00.000000,2024-09-01 00:00:00.000000
669,2017-01-01 00:00:00.000000,2024-09-01 00:00:00.000000
671,2017-01-01 00:00:00.000000,2024-09-01 00:00:00.000000
672,2017-01-01 00:00:00.000000,2024-09-01 00:00:00.000000
673,2017-02-01 00:00:00.000000,2024-09-01 00:00:00.000000
679,2018-08-01 00:00:00.000000,2024-09-01 00:00:00.000000
681,2018-08-01 00:00:00.000000,2024-09-01 00:00:00.000000
683,2018-09-01 00:00:00.000000,2024-09-01 00:00:00.000000
686,2017-05-01 00:00:00.000000,2024-09-01 00:00:00.000000
688,2018-08-01 00:00:00.000000,2024-09-01 00:00:00.000000
69,2017-01-01 00:00:00.000000,2024-06-01 00:00:00.000000
690,2018-09-01 00:00:00.000000,2024-09-01 00:00:00.000000
691,2018-09-01 00:00:00.000000,2024-09-01 00:00:00.000000
692,2018-09-01 00:00:00.000000,2024-09-01 00:00:00.000000
695,2018-08-01 00:00:00.000000,2024-09-01 00:00:00.000000
697,2017-01-01 00:00:00.000000,2024-09-01 00:00:00.000000
698,2018-08-01 00:00:00.000000,2020-08-01 00:00:00.000000
699,2018-10-01 00:00:00.000000,2024-09-01 00:00:00.000000
701,2018-08-01 00:00:00.000000,2024-09-01 00:00:00.000000
703,2018-08-01 00:00:00.000000,2024-08-01 00:00:00.000000
704,2017-01-01 00:00:00.000000,2023-10-01 00:00:00.000000
705,2017-09-01 00:00:00.000000,2024-09-01 00:00:00.000000
706,2018-08-01 00:00:00.000000,2024-09-01 00:00:00.000000
708,2018-08-01 00:00:00.000000,2024-09-01 00:00:00.000000
710,2018-08-01 00:00:00.000000,2024-09-01 00:00:00.000000
711,2018-08-01 00:00:00.000000,2024-09-01 00:00:00.000000
712,2017-01-01 00:00:00.000000,2024-09-01 00:00:00.000000
713,2018-08-01 00:00:00.000000,2024-09-01 00:00:00.000000
714,2018-07-01 00:00:00.000000,2024-09-01 00:00:00.000000
715,2017-01-01 00:00:00.000000,2024-09-01 00:00:00.000000
716,2018-08-01 00:00:00.000000,2024-09-01 00:00:00.000000
717,2017-02-01 00:00:00.000000,2024-09-01 00:00:00.000000
718,2018-09-01 00:00:00.000000,2024-09-01 00:00:00.000000
72,2017-01-01 00:00:00.000000,2022-12-01 00:00:00.000000
726,2017-03-01 00:00:00.000000,2021-04-01 00:00:00.000000
727,2018-08-01 00:00:00.000000,2024-09-01 00:00:00.000000
728,2017-01-01 00:00:00.000000,2024-09-01 00:00:00.000000
73,2017-01-01 00:00:00.000000,2020-01-01 00:00:00.000000
732,2017-01-01 00:00:00.000000,2024-04-01 00:00:00.000000
734,2018-08-01 00:00:00.000000,2024-09-01 00:00:00.000000
735,2017-01-01 00:00:00.000000,2024-08-01 00:00:00.000000
737,2017-06-01 00:00:00.000000,2024-09-01 00:00:00.000000
738,2018-08-01 00:00:00.000000,2024-09-01 00:00:00.000000
739,2018-08-01 00:00:00.000000,2024-09-01 00:00:00.000000
741,2017-01-01 00:00:00.000000,2024-09-01 00:00:00.000000
743,2018-09-01 00:00:00.000000,2023-06-01 00:00:00.000000
745,2018-08-01 00:00:00.000000,2024-09-01 00:00:00.000000
746,2018-08-01 00:00:00.000000,2024-09-01 00:00:00.000000
747,2018-08-01 00:00:00.000000,2024-09-01 00:00:00.000000
748,2018-08-01 00:00:00.000000,2024-09-01 00:00:00.000000
749,2018-08-01 00:00:00.000000,2024-09-01 00:00:00.000000
750,2018-08-01 00:00:00.000000,2024-09-01 00:00:00.000000
751,2018-08-01 00:00:00.000000,2024-09-01 00:00:00.000000
752,2018-09-01 00:00:00.000000,2024-09-01 00:00:00.000000
753,2018-08-01 00:00:00.000000,2024-09-01 00:00:00.000000
754,2018-08-01 00:00:00.000000,2024-09-01 00:00:00.000000
757,2018-09-01 00:00:00.000000,2024-09-01 00:00:00.000000
758,2018-08-01 00:00:00.000000,2024-09-01 00:00:00.000000
759,2018-09-01 00:00:00.000000,2024-09-01 00:00:00.000000
76,2017-07-01 00:00:00.000000,2024-09-01 00:00:00.000000
760,2018-08-01 00:00:00.000000,2024-09-01 00:00:00.000000
761,2017-01-01 00:00:00.000000,2024-09-01 00:00:00.000000
763,2017-01-01 00:00:00.000000,2024-09-01 00:00:00.000000
786,2018-09-01 00:00:00.000000,2024-09-01 00:00:00.000000
79,2017-01-01 00:00:00.000000,2023-11-01 00:00:00.000000
790,2017-01-01 00:00:00.000000,2024-07-01 00:00:00.000000
800,2017-01-01 00:00:00.000000,2024-04-01 00:00:00.000000
807,2018-08-01 00:00:00.000000,2024-09-01 00:00:00.000000
808,2018-08-01 00:00:00.000000,2024-09-01 00:00:00.000000
810,2018-08-01 00:00:00.000000,2024-09-01 00:00:00.000000
811,2017-01-01 00:00:00.000000,2024-09-01 00:00:00.000000
813,2018-08-01 00:00:00.000000,2024-09-01 00:00:00.000000
814,2017-01-01 00:00:00.000000,2023-04-01 00:00:00.000000
816,2017-01-01 00:00:00.000000,2024-09-01 00:00:00.000000
817,2018-08-01 00:00:00.000000,2024-09-01 00:00:00.000000
820,2018-08-01 00:00:00.000000,2024-09-01 00:00:00.000000
821,2018-08-01 00:00:00.000000,2024-09-01 00:00:00.000000
822,2018-08-01 00:00:00.000000,2024-09-01 00:00:00.000000
823,2018-08-01 00:00:00.000000,2023-04-01 00:00:00.000000
825,2018-08-01 00:00:00.000000,2024-01-01 00:00:00.000000
827,2018-08-01 00:00:00.000000,2024-09-01 00:00:00.000000
828,2018-08-01 00:00:00.000000,2024-09-01 00:00:00.000000
829,2018-08-01 00:00:00.000000,2024-09-01 00:00:00.000000
836,2018-08-01 00:00:00.000000,2024-09-01 00:00:00.000000
837,2017-03-01 00:00:00.000000,2023-06-01 00:00:00.000000
838,2018-08-01 00:00:00.000000,2024-09-01 00:00:00.000000
839,2018-08-01 00:00:00.000000,2024-09-01 00:00:00.000000
840,2018-08-01 00:00:00.000000,2024-09-01 00:00:00.000000
841,2018-08-01 00:00:00.000000,2024-09-01 00:00:00.000000
842,2018-08-01 00:00:00.000000,2024-09-01 00:00:00.000000
843,2018-08-01 00:00:00.000000,2024-09-01 00:00:00.000000
845,2017-01-01 00:00:00.000000,2024-09-01 00:00:00.000000
846,2018-08-01 00:00:00.000000,2024-09-01 00:00:00.000000
847,2018-08-01 00:00:00.000000,2022-04-01 00:00:00.000000
848,2017-01-01 00:00:00.000000,2023-04-01 00:00:00.000000
849,2018-08-01 00:00:00.000000,2024-09-01 00:00:00.000000
850,2017-04-01 00:00:00.000000,2024-09-01 00:00:00.000000
8503,2017-01-01 00:00:00.000000,2024-09-01 00:00:00.000000
852,2017-01-01 00:00:00.000000,2024-09-01 00:00:00.000000
853,2018-10-01 00:00:00.000000,2024-09-01 00:00:00.000000
854,2017-02-01 00:00:00.000000,2024-09-01 00:00:00.000000
857,2018-08-01 00:00:00.000000,2024-09-01 00:00:00.000000
860,2017-01-01 00:00:00.000000,2024-09-01 00:00:00.000000
861,2018-08-01 00:00:00.000000,2024-09-01 00:00:00.000000
862,2017-02-01 00:00:00.000000,2024-09-01 00:00:00.000000
863,2017-05-01 00:00:00.000000,2024-09-01 00:00:00.000000
865,2018-08-01 00:00:00.000000,2024-01-01 00:00:00.000000
866,2018-08-01 00:00:00.000000,2024-09-01 00:00:00.000000
8664,2020-01-01 00:00:00.000000,2024-06-01 00:00:00.000000
868,2018-09-01 00:00:00.000000,2024-09-01 00:00:00.000000
874,2018-08-01 00:00:00.000000,2024-09-01 00:00:00.000000
877,2018-08-01 00:00:00.000000,2024-09-01 00:00:00.000000
878,2018-08-01 00:00:00.000000,2020-08-01 00:00:00.000000
879,2018-09-01 00:00:00.000000,2024-09-01 00:00:00.000000
880,2018-08-01 00:00:00.000000,2024-09-01 00:00:00.000000
882,2018-09-01 00:00:00.000000,2024-08-01 00:00:00.000000
883,2018-04-01 00:00:00.000000,2024-09-01 00:00:00.000000
884,2017-01-01 00:00:00.000000,2024-09-01 00:00:00.000000
885,2018-09-01 00:00:00.000000,2021-07-01 00:00:00.000000
887,2018-09-01 00:00:00.000000,2024-09-01 00:00:00.000000
888,2018-09-01 00:00:00.000000,2024-09-01 00:00:00.000000
889,2018-08-01 00:00:00.000000,2024-09-01 00:00:00.000000
890,2018-08-01 00:00:00.000000,2024-09-01 00:00:00.000000
8905,2022-06-01 00:00:00.000000,2024-09-01 00:00:00.000000
891,2018-08-01 00:00:00.000000,2024-09-01 00:00:00.000000
892,2017-03-01 00:00:00.000000,2024-09-01 00:00:00.000000
895,2017-01-01 00:00:00.000000,2023-07-01 00:00:00.000000
897,2018-08-01 00:00:00.000000,2024-09-01 00:00:00.000000
898,2018-09-01 00:00:00.000000,2024-09-01 00:00:00.000000
901,2018-08-01 00:00:00.000000,2024-09-01 00:00:00.000000
902,2017-01-01 00:00:00.000000,2024-09-01 00:00:00.000000
904,2018-08-01 00:00:00.000000,2024-09-01 00:00:00.000000
905,2017-01-01 00:00:00.000000,2024-09-01 00:00:00.000000
906,2017-01-01 00:00:00.000000,2019-12-01 00:00:00.000000
907,2017-05-01 00:00:00.000000,2024-09-01 00:00:00.000000
910,2017-01-01 00:00:00.000000,2023-04-01 00:00:00.000000
912,2017-01-01 00:00:00.000000,2024-09-01 00:00:00.000000
913,2017-01-01 00:00:00.000000,2024-09-01 00:00:00.000000
914,2017-01-01 00:00:00.000000,2024-09-01 00:00:00.000000
915,2017-01-01 00:00:00.000000,2024-06-01 00:00:00.000000
916,2017-01-01 00:00:00.000000,2023-04-01 00:00:00.000000
919,2017-01-01 00:00:00.000000,2021-09-01 00:00:00.000000
923,2017-01-01 00:00:00.000000,2024-09-01 00:00:00.000000
924,2017-01-01 00:00:00.000000,2024-09-01 00:00:00.000000
926,2017-01-01 00:00:00.000000,2024-09-01 00:00:00.000000
927,2017-01-01 00:00:00.000000,2023-04-01 00:00:00.000000
929,2017-01-01 00:00:00.000000,2023-04-01 00:00:00.000000
93,2017-01-01 00:00:00.000000,2022-02-01 00:00:00.000000
930,2017-01-01 00:00:00.000000,2024-09-01 00:00:00.000000
931,2017-02-01 00:00:00.000000,2024-09-01 00:00:00.000000
932,2017-01-01 00:00:00.000000,2024-09-01 00:00:00.000000
935,2017-11-01 00:00:00.000000,2023-06-01 00:00:00.000000
936,2017-01-01 00:00:00.000000,2024-09-01 00:00:00.000000
937,2017-01-01 00:00:00.000000,2024-09-01 00:00:00.000000
938,2017-01-01 00:00:00.000000,2024-09-01 00:00:00.000000
939,2017-01-01 00:00:00.000000,2023-08-01 00:00:00.000000
940,2017-03-01 00:00:00.000000,2024-09-01 00:00:00.000000
941,2017-01-01 00:00:00.000000,2024-09-01 00:00:00.000000
942,2017-01-01 00:00:00.000000,2024-09-01 00:00:00.000000
943,2017-05-01 00:00:00.000000,2024-09-01 00:00:00.000000
944,2017-01-01 00:00:00.000000,2024-09-01 00:00:00.000000
945,2017-01-01 00:00:00.000000,2024-09-01 00:00:00.000000
946,2017-03-01 00:00:00.000000,2024-09-01 00:00:00.000000
947,2017-01-01 00:00:00.000000,2024-09-01 00:00:00.000000
948,2017-01-01 00:00:00.000000,2024-09-01 00:00:00.000000
949,2017-01-01 00:00:00.000000,2024-09-01 00:00:00.000000
950,2017-01-01 00:00:00.000000,2024-09-01 00:00:00.000000
951,2017-08-01 00:00:00.000000,2024-09-01 00:00:00.000000
952,2017-02-01 00:00:00.000000,2024-09-01 00:00:00.000000
953,2017-02-01 00:00:00.000000,2024-09-01 00:00:00.000000
954,2017-04-01 00:00:00.000000,2024-09-01 00:00:00.000000
955,2017-01-01 00:00:00.000000,2024-09-01 00:00:00.000000
956,2017-05-01 00:00:00.000000,2020-01-01 00:00:00.000000
957,2017-04-01 00:00:00.000000,2024-09-01 00:00:00.000000
959,2017-01-01 00:00:00.000000,2022-03-01 00:00:00.000000
963,2017-05-01 00:00:00.000000,2024-09-01 00:00:00.000000
964,2017-01-01 00:00:00.000000,2024-09-01 00:00:00.000000
967,2017-01-01 00:00:00.000000,2024-09-01 00:00:00.000000
969,2017-11-01 00:00:00.000000,2024-09-01 00:00:00.000000
97,2017-01-01 00:00:00.000000,2023-10-01 00:00:00.000000
970,2017-01-01 00:00:00.000000,2024-09-01 00:00:00.000000
971,2017-09-01 00:00:00.000000,2024-08-01 00:00:00.000000
973,2017-01-01 00:00:00.000000,2024-09-01 00:00:00.000000
974,2017-04-01 00:00:00.000000,2024-09-01 00:00:00.000000
975,2017-01-01 00:00:00.000000,2024-09-01 00:00:00.000000
976,2017-01-01 00:00:00.000000,2024-09-01 00:00:00.000000
977,2018-03-01 00:00:00.000000,2024-09-01 00:00:00.000000
978,2017-03-01 00:00:00.000000,2023-04-01 00:00:00.000000
979,2017-07-01 00:00:00.000000,2023-05-01 00:00:00.000000
980,2018-07-01 00:00:00.000000,2024-09-01 00:00:00.000000
981,2017-10-01 00:00:00.000000,2024-09-01 00:00:00.000000
982,2017-08-01 00:00:00.000000,2023-04-01 00:00:00.000000
984,2017-07-01 00:00:00.000000,2023-04-01 00:00:00.000000
986,2017-01-01 00:00:00.000000,2023-04-01 00:00:00.000000
987,2017-09-01 00:00:00.000000,2023-05-01 00:00:00.000000
988,2017-01-01 00:00:00.000000,2024-06-01 00:00:00.000000
989,2018-01-01 00:00:00.000000,2024-09-01 00:00:00.000000
990,2018-01-01 00:00:00.000000,2024-09-01 00:00:00.000000
991,2017-01-01 00:00:00.000000,2024-09-01 00:00:00.000000
992,2018-06-01 00:00:00.000000,2024-09-01 00:00:00.000000
993,2018-12-01 00:00:00.000000,2024-09-01 00:00:00.000000
994,2018-09-01 00:00:00.000000,2024-09-01 00:00:00.000000
995,2017-01-01 00:00:00.000000,2024-09-01 00:00:00.000000
996,2020-12-01 00:00:00.000000,2024-09-01 00:00:00.000000
997,2020-10-01 00:00:00.000000,2024-09-01 00:00:00.000000
998,2020-06-01 00:00:00.000000,2024-09-01 00:00:00.000000
